WORD_ID,VOCAB_WORD
0,http
1,use
2,list
3,email
4,get
5,mail
6,one
7,free
8,time
9,work
10,messag
11,make
12,like
13,would
14,peopl
15,new
16,inform
17,receiv
18,pleas
19,click
20,busi
21,address
22,want
23,us
24,need
25,order
26,remov
27,also
28,go
29,year
30,send
31,money
32,file
33,compani
34,system
35,report
36,way
37,wrote
38,name
39,user
40,look
41,site
42,chang
43,day
44,know
45,state
46,program
47,may
48,see
49,call
50,could
51,group
52,even
53,think
54,includ
55,linux
56,first
57,offer
58,take
59,say
60,servic
61,right
62,world
63,tri
64,help
65,find
66,internet
67,market
68,product
69,mani
70,much
71,home
72,said
73,softwar
74,web
75,problem
76,date
77,line
78,spam
79,link
80,start
81,check
82,number
83,run
84,good
85,thing
86,well
87,subject
88,interest
89,phone
90,govern
91,person
92,provid
93,set
94,today
95,come
96,ad
97,million
98,server
99,give
100,follow
101,back
102,best
103,month
104,form
105,rate
106,everi
107,secur
108,gener
109,url
110,price
111,still
112,comput
113,packag
114,instal
115,code
116,avail
117,sent
118,life
119,version
120,read
121,commun
122,sinc
123,maintain
124,grant
125,sponsor
126,thank
127,network
128,two
129,differ
130,credit
131,without
132,made
133,develop
134,support
135,within
136,week
137,page
138,write
139,save
140,case
141,realli
142,subscript
143,irish
144,someth
145,current
146,un
147,anyon
148,last
149,onlin
150,complet
151,sure
152,card
153,build
154,seem
155,requir
156,custom
157,manag
158,de
159,ilug
160,never
161,better
162,window
163,keep
164,special
165,ca
166,point
167,place
168,search
169,per
170,anoth
171,found
172,actual
173,access
174,result
175,repli
176,contact
177,question
178,part
179,base
180,old
181,futur
182,listmast
183,put
184,issu
185,wish
186,long
187,next
188,let
189,live
190,hour
191,countri
192,end
193,invest
194,must
195,unsubscrib
196,mean
197,easi
198,process
199,unit
200,great
201,lot
202,got
203,technolog
204,show
205,account
206,nation
207,guarante
208,might
209,power
210,releas
211,legal
212,data
213,cost
214,allow
215,success
216,sourc
217,news
218,engin
219,possibl
220,trade
221,visit
222,profession
223,post
224,idea
225,increas
226,pay
227,ask
228,public
229,advertis
230,open
231,error
232,opportun
233,websit
234,test
235,real
236,sell
237,ever
238,less
239,respons
240,insur
241,plan
242,design
243,tell
244,creat
245,word
246,buy
247,reason
248,howev
249,prefer
250,heaven
251,someon
252,effect
253,aug
254,cd
255,color
256,sale
257,law
258,improv
259,applic
260,around
261,instead
262,fact
263,least
264,box
265,ye
266,dollar
267,fix
268,american
269,rpm
270,job
271,copi
272,simpl
273,probabl
274,origin
275,believ
276,cours
277,contain
278,type
279,fax
280,move
281,happen
282,friend
283,though
284,littl
285,els
286,financi
287,total
288,valu
289,share
290,welcom
291,request
292,add
293,exampl
294,return
295,abl
296,client
297,perl
298,format
299,anyth
300,simpli
301,alway
302,alreadi
303,high
304,protect
305,fill
306,full
307,cash
308,feel
309,mailto
310,directori
311,purchas
312,regard
313,licens
314,stop
315,bit
316,signatur
317,import
318,experi
319,intern
320,polici
321,answer
322,exist
323,past
324,famili
325,note
326,learn
327,updat
328,top
329,info
330,sep
331,geek
332,becom
333,act
334,lead
335,small
336,age
337,drive
338,ship
339,second
340,instruct
341,suppli
342,control
343,member
344,databas
345,low
346,thousand
347,recent
348,incom
349,select
350,featur
351,stuff
352,minut
353,appli
354,industri
355,done
356,turn
357,yet
358,sever
359,folder
360,citi
361,continu
362,limit
363,tool
364,understand
365,detail
366,guid
367,c
368,noth
369,e
370,exmh
371,everyth
372,step
373,notic
374,oper
375,enough
376,claim
377,big
378,sign
379,caus
380,univers
381,letter
382,larg
383,key
384,other
385,care
386,hard
387,three
388,thinkgeek
389,connect
390,record
391,accept
392,text
393,discuss
394,etc
395,bill
396,thu
397,term
398,play
399,pgp
400,specif
401,via
402,offic
403,america
404,talk
405,immedi
406,direct
407,deal
408,mayb
409,option
410,download
411,major
412,seen
413,forc
414,subscrib
415,hope
416,true
417,thought
418,kind
419,center
420,individu
421,method
422,decid
423,rule
424,log
425,lose
426,plu
427,comment
428,matter
429,natur
430,risk
431,either
432,yahoo
433,assist
434,present
435,quot
436,rather
437,content
438,mime
439,away
440,rememb
441,wait
442,bank
443,hand
444,r
445,fund
446,local
447,kernel
448,project
449,secret
450,loan
451,level
452,hundr
453,train
454,corpor
455,activ
456,consid
457,research
458,matthia
459,razor
460,area
461,forward
462,august
463,book
464,bodi
465,root
466,stori
467,addit
468,machin
469,target
470,standard
471,benefit
472,war
473,entir
474,bad
475,quit
476,suggest
477,document
478,appear
479,presid
480,copyright
481,posit
482,global
483,author
484,bug
485,often
486,expect
487,distribut
488,juli
489,polit
490,mind
491,human
492,septemb
493,grow
494,jul
495,ago
496,size
497,hit
498,qualiti
499,trust
500,none
501,partner
502,easili
503,absolut
504,pm
505,island
506,b
507,whether
508,love
509,agent
510,join
511,given
512,solut
513,involv
514,collect
515,amount
516,happi
517,fast
518,associ
519,charg
520,domain
521,singl
522,man
523,whole
524,promot
525,dvd
526,sort
527,fork
528,earn
529,far
530,later
531,parti
532,hi
533,feder
534,submit
535,upon
536,mortgag
537,enter
538,normal
539,potenti
540,meet
541,refer
542,wed
543,wrong
544,function
545,nice
546,red
547,tm
548,load
549,transact
550,social
551,john
552,almost
553,publish
554,wonder
555,econom
556,discov
557,everyon
558,reach
559,close
560,pass
561,view
562,fail
563,execut
564,sound
565,depend
566,profit
567,perform
568,women
569,privat
570,attack
571,broadcast
572,x
573,newslett
574,automat
575,relat
576,paid
577,contract
578,statement
579,effort
580,delet
581,mark
582,begin
583,foreign
584,compil
585,sequenc
586,regist
587,miss
588,media
589,bush
590,spamassassin
591,final
592,cell
593,figur
594,header
595,handl
596,stock
597,command
598,display
599,similar
600,action
601,tuesday
602,locat
603,game
604,transfer
605,digit
606,templ
607,pick
608,disk
609,event
610,hat
611,wo
612,chri
613,produc
614,known
615,soon
616,track
617,articl
618,print
619,longer
620,tax
621,properti
622,pretti
623,mention
624,toner
625,default
626,dear
627,script
628,store
629,debt
630,pc
631,men
632,oblig
633,hous
634,microsoft
635,upgrad
636,respect
637,sun
638,imag
639,due
640,organ
641,enenkio
642,bulk
643,capit
644,commiss
645,administr
646,weight
647,payment
648,along
649,freedom
650,health
651,daili
652,offici
653,cartridg
654,half
655,usa
656,worth
657,practic
658,propos
659,n
660,languag
661,resourc
662,came
663,billion
664,strategi
665,late
666,leav
667,platform
668,assum
669,concern
670,net
671,clear
672,remain
673,devic
674,exactli
675,html
676,street
677,ignor
678,lost
679,car
680,anyway
681,tire
682,ok
683,interact
684,hear
685,tue
686,respond
687,went
688,head
689,tablet
690,deliv
691,taken
692,la
693,independ
694,configur
695,bring
696,perhap
697,clean
698,qualifi
699,space
700,fals
701,watch
702,averag
703,fine
704,press
705,invok
706,school
707,short
708,recommend
709,retail
710,expens
711,fall
712,memori
713,enabl
714,membership
715,fee
716,guess
717,host
718,huge
719,consult
720,edit
721,left
722,extrem
723,xml
724,suit
725,review
726,usual
727,choos
728,advantag
729,warn
730,common
731,en
732,compar
733,except
734,region
735,port
736,agre
737,materi
738,main
739,abil
740,side
741,field
742,announc
743,drop
744,told
745,although
746,paper
747,dream
748,five
749,le
750,fri
751,guy
752,basic
753,readi
754,item
755,growth
756,black
757,educ
758,hold
759,vulner
760,spend
761,model
762,cheer
763,win
764,face
765,bonu
766,replac
767,electron
768,studi
769,unseen
770,interfac
771,confidenti
772,loss
773,altern
774,reserv
775,safe
776,intend
777,kingdom
778,mon
779,accord
780,j
781,avoid
782,choic
783,implement
784,oz
785,id
786,rest
787,multipl
788,approv
789,commerci
790,histori
791,situat
792,break
793,moment
794,extra
795,p
796,investig
797,chanc
798,togeth
799,employ
800,insid
801,combin
802,pictur
803,initi
804,purpos
805,coupl
806,section
807,quick
808,msg
809,advanc
810,confirm
811,monday
812,goe
813,util
814,court
815,across
816,particular
817,unless
818,burn
819,object
820,energi
821,express
822,score
823,et
824,male
825,india
826,owner
827,indic
828,took
829,video
830,sens
831,filter
832,count
833,agenc
834,societi
835,correct
836,speed
837,directli
838,variou
839,profil
840,four
841,valid
842,procedur
843,die
844,anywher
845,ventur
846,period
847,cut
848,seek
849,gpl
850,match
851,uniqu
852,piec
853,consum
854,sex
855,especi
856,spammer
857,kevin
858,whatev
859,behalf
860,certain
861,white
862,investor
863,adam
864,setup
865,explain
866,knowledg
867,class
868,popul
869,gain
870,remot
871,latest
872,tip
873,unison
874,dagga
875,atol
876,militari
877,oh
878,block
879,ftp
880,googl
881,unix
882,gari
883,south
884,marshal
885,lawrenc
886,patch
887,tv
888,team
889,smoke
890,valuabl
891,establish
892,switch
893,ragga
894,aaaaaaaaaaaaaaaaaaaaaaaaaaaaaaaaaaaaaaaaaaaaaaaaaaaaaaaaaaaaaaaaaaaaaaaaaaaa
895,shop
896,imagin
897,java
898,integr
899,prevent
900,robert
901,third
902,prepar
903,boot
904,attempt
905,folk
906,privaci
907,will
908,sorri
909,heard
910,sometim
911,manual
912,necessari
913,tag
914,hardwar
915,particip
916,york
917,reduc
918,saou
919,screen
920,congress
921,bottl
922,china
923,night
924,sa
925,fastest
926,depart
927,backup
928,enjoy
929,cover
930,stand
931,regul
932,path
933,seriou
934,goal
935,mass
936,certainli
937,driver
938,alb
939,obtain
940,competit
941,botan
942,amaz
943,lower
944,h
945,suppos
946,fulli
947,promis
948,land
949,speak
950,capabl
951,poor
952,medic
953,introduc
954,extend
955,scienc
956,traffic
957,lowest
958,apolog
959,deathtospamdeathtospamdeathtospam
960,titl
961,defin
962,movi
963,describ
964,troubl
965,definit
966,neg
967,cv
968,paul
969,film
970,exchang
971,easier
972,rang
973,decis
974,wireless
975,osdn
976,sender
977,os
978,approach
979,technic
980,death
981,six
982,murphi
983,predict
984,earli
985,written
986,quickli
987,fortun
988,commit
989,beberg
990,im
991,redhat
992,worri
993,sold
994,kill
995,firm
996,judgment
997,apt
998,michael
999,seventh
1000,button
1001,ham
1002,music
1003,mobil
1004,north
1005,economi
1006,king
1007,opinion
1008,father
1009,ensur
1010,fat
1011,faster
1012,telephon
1013,browser
1014,attach
1015,premium
1016,librari
1017,archiv
1018,player
1019,bar
1020,argument
1021,achiev
1022,travel
1023,separ
1024,enterpris
1025,techniqu
1026,adult
1027,desir
1028,cooper
1029,demand
1030,threat
1031,deserv
1032,appar
1033,board
1034,uk
1035,f
1036,anim
1037,hello
1038,modul
1039,condit
1040,elimin
1041,dave
1042,stay
1043,enhanc
1044,attent
1045,terrorist
1046,outsid
1047,wide
1048,determin
1049,estat
1050,monthli
1051,children
1052,repres
1053,drug
1054,wall
1055,cabl
1056,virtual
1057,expert
1058,environ
1059,held
1060,modifi
1061,declar
1062,pain
1063,gnupg
1064,sincer
1065,danger
1066,permiss
1067,washington
1068,signific
1069,fun
1070,kid
1071,david
1072,iii
1073,relev
1074,confid
1075,canada
1076,l
1077,rich
1078,w
1079,cat
1080,programm
1081,sum
1082,equip
1083,cc
1084,exclus
1085,g
1086,popular
1087,proven
1088,air
1089,forev
1090,string
1091,diet
1092,excel
1093,justin
1094,bottom
1095,bitbitch
1096,paragraph
1097,expand
1098,centuri
1099,usd
1100,friday
1101,skip
1102,factor
1103,central
1104,pattern
1105,anybodi
1106,monitor
1107,identifi
1108,near
1109,san
1110,relationship
1111,challeng
1112,behind
1113,toward
1114,terror
1115,director
1116,asset
1117,appreci
1118,excit
1119,exercis
1120,confer
1121,girl
1122,perfect
1123,rh
1124,discoveri
1125,roman
1126,background
1127,among
1128,sexual
1129,citizen
1130,unsolicit
1131,whose
1132,progress
1133,rais
1134,defens
1135,hettinga
1136,west
1137,sampl
1138,fit
1139,rel
1140,road
1141,difficult
1142,octob
1143,photo
1144,intellig
1145,partit
1146,thread
1147,spain
1148,illeg
1149,lender
1150,colleg
1151,entri
1152,acquir
1153,serv
1154,solv
1155,tie
1156,reader
1157,seri
1158,strong
1159,william
1160,confus
1161,chief
1162,earth
1163,stupid
1164,largest
1165,ms
1166,refin
1167,tree
1168,instant
1169,european
1170,measur
1171,fair
1172,french
1173,verifi
1174,extract
1175,mode
1176,built
1177,equival
1178,regular
1179,peac
1180,laptop
1181,oct
1182,lock
1183,mac
1184,procmail
1185,index
1186,slow
1187,conveni
1188,sweet
1189,resid
1190,deliveri
1191,reliabl
1192,tradit
1193,datapow
1194,suse
1195,dead
1196,categori
1197,brian
1198,smart
1199,graphic
1200,front
1201,arial
1202,africa
1203,inlin
1204,ident
1205,voic
1206,europ
1207,leader
1208,cach
1209,emerg
1210,annuiti
1211,evid
1212,femal
1213,statu
1214,tim
1215,useless
1216,ten
1217,realiz
1218,verdana
1219,desktop
1220,campaign
1221,gnu
1222,compat
1223,occur
1224,fire
1225,capillari
1226,cultur
1227,abus
1228,young
1229,therefor
1230,gift
1231,concept
1232,higher
1233,satellit
1234,revenu
1235,physic
1236,institut
1237,herba
1238,previous
1239,aid
1240,convers
1241,deposit
1242,warranti
1243,walk
1244,brand
1245,thursday
1246,launch
1247,underlin
1248,degre
1249,contribut
1250,nigeria
1251,roll
1252,june
1253,otherwis
1254,doubt
1255,concentr
1256,compet
1257,yeah
1258,classifi
1259,former
1260,weapon
1261,indian
1262,unlimit
1263,inde
1264,wife
1265,arriv
1266,honor
1267,forget
1268,carri
1269,echo
1270,pacif
1271,repositori
1272,powel
1273,listen
1274,conflict
1275,fight
1276,critic
1277,recipi
1278,token
1279,affili
1280,storag
1281,sat
1282,password
1283,extens
1284,surpris
1285,percent
1286,unfortun
1287,isp
1288,tech
1289,app
1290,hermio
1291,assur
1292,succeed
1293,jabber
1294,sit
1295,effici
1296,sleep
1297,basi
1298,hot
1299,catch
1300,civil
1301,detect
1302,art
1303,kept
1304,printer
1305,panel
1306,substanti
1307,water
1308,intro
1309,garrigu
1310,alsa
1311,jm
1312,menu
1313,ip
1314,charact
1315,descript
1316,pull
1317,tabl
1318,proprietari
1319,mine
1320,light
1321,scan
1322,enemi
1323,pudg
1324,disabl
1325,output
1326,god
1327,attract
1328,discount
1329,advic
1330,v
1331,truth
1332,joe
1333,saw
1334,wednesday
1335,revers
1336,worldwid
1337,seven
1338,structur
1339,euro
1340,analysi
1341,vendor
1342,balanc
1343,af
1344,manufactur
1345,gone
1346,franc
1347,agreement
1348,alon
1349,vote
1350,jame
1351,lack
1352,cool
1353,teach
1354,decad
1355,room
1356,morn
1357,specifi
1358,whitelist
1359,patent
1360,k
1361,wast
1362,california
1363,boston
1364,editor
1365,awar
1366,gold
1367,polic
1368,insert
1369,nobodi
1370,zip
1371,innov
1372,treat
1373,inc
1374,construct
1375,ga
1376,highli
1377,u
1378,tom
1379,financ
1380,temperatur
1381,obvious
1382,journal
1383,theori
1384,career
1385,clue
1386,gcc
1387,encourag
1388,spec
1389,ultim
1390,afford
1391,son
1392,int
1393,touch
1394,constitut
1395,input
1396,flag
1397,impress
1398,incred
1399,trick
1400,greater
1401,ab
1402,attorney
1403,peni
1404,ebay
1405,cent
1406,correspond
1407,usag
1408,anymor
1409,brain
1410,blood
1411,master
1412,mother
1413,boy
1414,middl
1415,annual
1416,jim
1417,trial
1418,blank
1419,wake
1420,previou
1421,hp
1422,urgent
1423,mechan
1424,greg
1425,democrat
1426,stream
1427,cbyi
1428,el
1429,mike
1430,larger
1431,suffer
1432,dan
1433,hate
1434,advis
1435,perman
1436,focu
1437,cheap
1438,pound
1439,judg
1440,style
1441,speech
1442,underwrit
1443,skeptic
1444,smtp
1445,summari
1446,flow
1447,particularli
1448,php
1449,mostli
1450,varieti
1451,star
1452,vacat
1453,instanc
1454,bold
1455,behavior
1456,wealth
1457,delay
1458,percentag
1459,dynam
1460,obviou
1461,mistak
1462,earlier
1463,destruct
1464,keyboard
1465,warm
1466,comfort
1467,republ
1468,binari
1469,toni
1470,dark
1471,super
1472,telecom
1473,woman
1474,rock
1475,affect
1476,laserjet
1477,termin
1478,aa
1479,channel
1480,mailer
1481,auto
1482,arm
1483,rick
1484,eye
1485,firewal
1486,reveal
1487,suspect
1488,knew
1489,ban
1490,se
1491,essenti
1492,consolid
1493,steve
1494,motiv
1495,ireland
1496,tend
1497,vipul
1498,btw
1499,consist
1500,recogn
1501,rss
1502,english
1503,floppi
1504,skill
1505,heart
1506,domest
1507,principl
1508,alli
1509,prospect
1510,core
1511,impact
1512,wing
1513,estim
1514,beta
1515,highlight
1516,prompt
1517,pack
1518,lawyer
1519,dell
1520,gnome
1521,defend
1522,eval
1523,somewher
1524,magazin
1525,nearli
1526,restor
1527,opt
1528,eventu
1529,invit
1530,lifetim
1531,staff
1532,font
1533,ftoc
1534,planta
1535,fl
1536,vehicl
1537,revis
1538,beat
1539,role
1540,variabl
1541,march
1542,pipe
1543,convert
1544,comprehens
1545,unlik
1546,task
1547,python
1548,map
1549,modem
1550,histor
1551,babi
1552,modern
1553,despit
1554,biggest
1555,audio
1556,hair
1557,dn
1558,food
1559,teledynam
1560,ground
1561,clearli
1562,pocket
1563,eat
1564,picasso
1565,ii
1566,fresh
1567,suck
1568,favor
1569,sensit
1570,strength
1571,commentari
1572,bf
1573,ec
1574,bind
1575,complianc
1576,minimum
1577,coverag
1578,senior
1579,strongli
1580,netscap
1581,dragon
1582,mlm
1583,config
1584,exploit
1585,shown
1586,british
1587,texa
1588,employe
1589,instantli
1590,met
1591,ea
1592,failur
1593,liber
1594,interview
1595,beyond
1596,doctor
1597,mailbox
1598,spot
1599,conserv
1600,peter
1601,mile
1602,protocol
1603,gave
1604,truli
1605,permit
1606,stabl
1607,dont
1608,brought
1609,optim
1610,typic
1611,reli
1612,equal
1613,tape
1614,everybodi
1615,consider
1616,synchron
1617,visa
1618,calcul
1619,signal
1620,tx
1621,showcas
1622,char
1623,startup
1624,revok
1625,chines
1626,q
1627,led
1628,al
1629,hidden
1630,worst
1631,crash
1632,geeg
1633,hover
1634,distanc
1635,translat
1636,exact
1637,dial
1638,proper
1639,draw
1640,boss
1641,finish
1642,plant
1643,neighbor
1644,bonus
1645,broker
1646,evil
1647,prove
1648,crimin
1649,annoy
1650,stylu
1651,spent
1652,extern
1653,yesterday
1654,favorit
1655,imposs
1656,ran
1657,sir
1658,repair
1659,retriev
1660,z
1661,pop
1662,rare
1663,artist
1664,bearer
1665,feet
1666,explor
1667,foundat
1668,bigger
1669,bb
1670,sole
1671,acknowledg
1672,edward
1673,rob
1674,properli
1675,hell
1676,serious
1677,scientist
1678,safeti
1679,somebodi
1680,evalu
1681,portion
1682,england
1683,strang
1684,hack
1685,hotel
1686,rebuild
1687,beauti
1688,equiti
1689,poverti
1690,guidelin
1691,planet
1692,expir
1693,restrict
1694,station
1695,prescript
1696,iiu
1697,sunday
1698,spread
1699,antiqu
1700,push
1701,scheme
1702,jump
1703,autom
1704,bell
1705,correctli
1706,summer
1707,strip
1708,chicago
1709,minor
1710,lie
1711,helvetica
1712,climat
1713,sport
1714,fundament
1715,headlin
1716,student
1717,epson
1718,entertain
1719,shape
1720,primari
1721,vou
1722,para
1723,currenc
1724,radio
1725,recruit
1726,threaten
1727,mount
1728,becam
1729,lo
1730,gentl
1731,diseas
1732,protest
1733,laser
1734,hang
1735,herb
1736,recal
1737,proxi
1738,damag
1739,resum
1740,seed
1741,husband
1742,spamd
1743,merchant
1744,craig
1745,architectur
1746,happier
1747,mainten
1748,exit
1749,bc
1750,doubl
1751,empti
1752,corpu
1753,muscl
1754,remedi
1755,settlement
1756,prioriti
1757,plug
1758,van
1759,buyer
1760,feroc
1761,stick
1762,sendmail
1763,vast
1764,dozen
1765,disappear
1766,green
1767,feedback
1768,moor
1769,tel
1770,ba
1771,somehow
1772,prior
1773,viagra
1774,laugh
1775,hall
1776,angl
1777,reg
1778,faith
1779,ticket
1780,creativ
1781,luck
1782,western
1783,symbol
1784,georg
1785,hire
1786,ssh
1787,feed
1788,realiti
1789,reject
1790,bother
1791,kathmandu
1792,batteri
1793,wors
1794,broken
1795,camera
1796,hormon
1797,seminar
1798,supplement
1799,anonym
1800,aspect
1801,oil
1802,child
1803,usb
1804,disclaim
1805,norton
1806,encrypt
1807,allianc
1808,convent
1809,argu
1810,perfectli
1811,committe
1812,parent
1813,acceler
1814,entrepreneur
1815,substanc
1816,pour
1817,shot
1818,democraci
1819,arrang
1820,doc
1821,fantasi
1822,ie
1823,shall
1824,appeal
1825,convinc
1826,phrase
1827,authent
1828,mozilla
1829,shock
1830,observ
1831,legitim
1832,electr
1833,park
1834,sponsorship
1835,random
1836,statist
1837,slightli
1838,blue
1839,serial
1840,neither
1841,à
1842,frame
1843,barcelona
1844,resolv
1845,empir
1846,funni
1847,queri
1848,refund
1849,appropri
1850,strictli
1851,alert
1852,hey
1853,edg
1854,award
1855,auction
1856,door
1857,edificio
1858,east
1859,merg
1860,nort
1861,ac
1862,solari
1863,fear
1864,carrier
1865,daniel
1866,volum
1867,damn
1868,highest
1869,aphrodisia
1870,capac
1871,surviv
1872,bear
1873,hunt
1874,survey
1875,eugen
1876,tomorrow
1877,kelli
1878,repeat
1879,stabil
1880,lesson
1881,smaller
1882,pressur
1883,arrest
1884,mr
1885,declin
1886,virus
1887,owen
1888,nt
1889,union
1890,banner
1891,amend
1892,herbal
1893,trip
1894,te
1895,pablo
1896,farquhar
1897,meant
1898,aggress
1899,fairli
1900,mason
1901,januari
1902,odd
1903,alter
1904,bought
1905,twice
1906,strike
1907,gmt
1908,exclud
1909,duplic
1910,compon
1911,promiscu
1912,appl
1913,bound
1914,race
1915,zero
1916,winner
1917,weekend
1918,welch
1919,violat
1920,inbox
1921,cold
1922,complain
1923,ah
1924,harm
1925,cancel
1926,licenc
1927,easiest
1928,debian
1929,reduct
1930,genet
1931,spray
1932,blog
1933,algorithm
1934,mous
1935,audienc
1936,mh
1937,farm
1938,honest
1939,nativ
1940,formula
1941,scam
1942,prosaka
1943,round
1944,bunch
1945,presum
1946,md
1947,deni
1948,vari
1949,ratio
1950,bandwidth
1951,postal
1952,mirror
1953,pill
1954,â
1955,austin
1956,compens
1957,iraq
1958,precis
1959,analyst
1960,vjestika
1961,brief
1962,possess
1963,club
1964,bankruptci
1965,renew
1966,martin
1967,partnership
1968,elsewher
1969,viru
1970,split
1971,gibbon
1972,reboot
1973,approxim
1974,sea
1975,gay
1976,tab
1977,plugin
1978,buffer
1979,processor
1980,lift
1981,gordon
1982,msgid
1983,label
1984,dramat
1985,deploy
1986,porn
1987,grand
1988,massiv
1989,testimoni
1990,saturday
1991,margin
1992,weekli
1993,envelop
1994,reward
1995,roger
1996,infrastructur
1997,millionair
1998,anytim
1999,aol
2000,hmm
2001,agreeabl
2002,cancer
2003,ibm
2004,writer
2005,retir
2006,sm
2007,flash
2008,fuck
2009,apart
2010,registr
2011,religion
2012,dig
2013,complex
2014,that
2015,adopt
2016,collabor
2017,rohit
2018,prohibit
2019,environment
2020,nvidia
2021,engag
2022,harley
2023,cycl
2024,inconveni
2025,conduct
2026,satisfi
2027,ps
2028,justic
2029,yellow
2030,solicit
2031,shell
2032,assembl
2033,ministri
2034,schedul
2035,length
2036,african
2037,northern
2038,plenti
2039,thoma
2040,ae
2041,henc
2042,swap
2043,farmer
2044,candid
2045,img
2046,distro
2047,self
2048,acquisit
2049,clock
2050,rose
2051,onto
2052,excess
2053,null
2054,enforc
2055,began
2056,rout
2057,ffffff
2058,own
2059,encount
2060,duncan
2061,experienc
2062,mere
2063,homeown
2064,guido
2065,conclud
2066,pointer
2067,invent
2068,transform
2069,demonstr
2070,prosper
2071,minim
2072,evolv
2073,attend
2074,liter
2075,russian
2076,da
2077,scale
2078,london
2079,throw
2080,newspap
2081,deep
2082,wholesal
2083,kate
2084,grab
2085,straight
2086,domin
2087,famou
2088,elect
2089,solid
2090,wave
2091,mix
2092,lawsuit
2093,murder
2094,context
2095,var
2096,receipt
2097,colleagu
2098,glad
2099,buck
2100,toll
2101,oppos
2102,niall
2103,chat
2104,rank
2105,unabl
2106,televis
2107,hors
2108,christian
2109,boost
2110,co
2111,valhalla
2112,crime
2113,proof
2114,routin
2115,assert
2116,attain
2117,skin
2118,resel
2119,corrupt
2120,entiti
2121,religi
2122,loop
2123,remark
2124,preserv
2125,blame
2126,paypal
2127,tune
2128,russia
2129,webmast
2130,passphras
2131,vircio
2132,glm
2133,inkjet
2134,moral
2135,habea
2136,tast
2137,mathemat
2138,forest
2139,abacha
2140,numer
2141,scientif
2142,marshalles
2143,newsgroup
2144,accur
2145,brent
2146,inspir
2147,icq
2148,replica
2149,asia
2150,victim
2151,hint
2152,mountain
2153,throughout
2154,po
2155,brother
2156,bu
2157,hash
2158,destroy
2159,heavi
2160,bless
2161,formal
2162,na
2163,chart
2164,frequent
2165,song
2166,yield
2167,embed
2168,ben
2169,column
2170,joseph
2171,regardless
2172,visitor
2173,jar
2174,sheet
2175,rise
2176,labor
2177,aim
2178,ed
2179,bay
2180,remind
2181,freebsd
2182,decemb
2183,limbo
2184,consequ
2185,chip
2186,pure
2187,classic
2188,dog
2189,incompat
2190,town
2191,drink
2192,branch
2193,mess
2194,trace
2195,amateur
2196,logic
2197,que
2198,pars
2199,gambl
2200,topic
2201,negoti
2202,assign
2203,medium
2204,crap
2205,spamtrap
2206,smoker
2207,violenc
2208,imho
2209,exhibit
2210,syntax
2211,coast
2212,ladi
2213,privileg
2214,exceed
2215,il
2216,focus
2217,prize
2218,satisfact
2219,joke
2220,worker
2221,est
2222,felt
2223,adapt
2224,export
2225,spirit
2226,stamp
2227,specialist
2228,batch
2229,byte
2230,incorpor
2231,appoint
2232,pursu
2233,circumst
2234,tremend
2235,vice
2236,lib
2237,cheaper
2238,complic
2239,battl
2240,opposit
2241,pa
2242,fan
2243,okay
2244,boundari
2245,sophist
2246,loos
2247,strengthen
2248,keyword
2249,riaa
2250,truck
2251,affair
2252,gather
2253,unwant
2254,compel
2255,liberti
2256,caught
2257,border
2258,goto
2259,florida
2260,airlin
2261,jodi
2262,unknown
2263,alan
2264,ui
2265,sur
2266,older
2267,trivial
2268,intel
2269,compress
2270,pro
2271,moder
2272,struggl
2273,lover
2274,entitl
2275,admit
2276,bet
2277,chairman
2278,kit
2279,hole
2280,surfac
2281,ved
2282,owe
2283,belief
2284,ideal
2285,pioneer
2286,trend
2287,disclosur
2288,album
2289,airport
2290,britain
2291,ahead
2292,muslim
2293,dublin
2294,stage
2295,wear
2296,sector
2297,transmiss
2298,penni
2299,ownership
2300,mastercard
2301,australia
2302,weather
2303,pickl
2304,encod
2305,stress
2306,adjust
2307,jack
2308,scott
2309,maker
2310,tin
2311,suffici
2312,stephen
2313,outlook
2314,mplayer
2315,assumpt
2316,lay
2317,dump
2318,dice
2319,reform
2320,refus
2321,maximum
2322,palestinian
2323,relay
2324,overal
2325,weak
2326,majesti
2327,raw
2328,wa
2329,ice
2330,msn
2331,curv
2332,influenc
2333,debug
2334,hide
2335,magic
2336,wealthi
2337,chain
2338,finger
2339,hawaii
2340,schuman
2341,transpar
2342,marri
2343,propag
2344,sentenc
2345,portabl
2346,captur
2347,ne
2348,catalog
2349,admin
2350,astronom
2351,frustrat
2352,proceed
2353,silli
2354,holiday
2355,vision
2356,session
2357,mandat
2358,endeavor
2359,whatsoev
2360,explan
2361,retain
2362,submiss
2363,dinosaur
2364,egg
2365,ce
2366,ou
2367,shout
2368,timeout
2369,patrick
2370,depress
2371,lilo
2372,trademark
2373,spring
2374,bone
2375,crack
2376,corner
2377,unusu
2378,settl
2379,tower
2380,intellectu
2381,movement
2382,rapidli
2383,heck
2384,circl
2385,casino
2386,belong
2387,virginia
2388,speaker
2389,ar
2390,ram
2391,randomli
2392,spambay
2393,ethic
2394,hospit
2395,besid
2396,latter
2397,francisco
2398,inexpens
2399,api
2400,rah
2401,buri
2402,hacker
2403,fli
2404,weird
2405,outstand
2406,mysql
2407,scratch
2408,gpg
2409,igtt
2410,du
2411,ir
2412,necessarili
2413,abandon
2414,joint
2415,tivo
2416,celebr
2417,plane
2418,pentium
2419,jeremi
2420,fuel
2421,openssl
2422,lean
2423,preced
2424,expos
2425,thirti
2426,intent
2427,scholarship
2428,greatest
2429,recognit
2430,ton
2431,prob
2432,ez
2433,minist
2434,twenti
2435,constant
2436,organis
2437,eb
2438,snore
2439,xxx
2440,germani
2441,iroijlaplap
2442,bomb
2443,formul
2444,marriag
2445,german
2446,dr
2447,greet
2448,maxim
2449,harvest
2450,wild
2451,season
2452,armi
2453,theme
2454,conclus
2455,arg
2456,es
2457,jurisdict
2458,une
2459,openssh
2460,framework
2461,forum
2462,tweak
2463,richard
2464,recov
2465,fp
2466,japan
2467,relax
2468,draft
2469,element
2470,bond
2471,tobacco
2472,zone
2473,magnitud
2474,leas
2475,decreas
2476,murjel
2477,freez
2478,raid
2479,flight
2480,notifi
2481,contest
2482,navig
2483,telecommun
2484,quarter
2485,bsd
2486,maxaman
2487,shoot
2488,fashion
2489,ratak
2490,subsequ
2491,pleasur
2492,anthoni
2493,capitalist
2494,burner
2495,asian
2496,layer
2497,hook
2498,angel
2499,dedic
